group_id,jsssz,jssxbjz,jsxxbjz,csssz,cssxbjz,csxxbjz,rqjkwdsdz,rqjkwddqz,rqjkzksdz,rqjkzkdqz,bpdjjbsjsdz,bpdjjbsjdqz,bpdjjbsdsdz,bpdjjbsddqz,bpdjjbdl,bpdjfssjsdz,bpdjfssjdqz,bpdjfssdsdz,bpdjfssddqz,bpdjfsdl,dlz_01,dlz_02,dyz_01,dyz_02,temp,V_rms_x,V_rms_y,V_rms_z,A_rms_x,A_rms_y,A_rms_z,D_rms_x,D_rms_y,D_rms_z,label,time
77,7.694331522780576,4.75,58.13,49.410561280412665,29.18,53.88,12.0,1.05,33.95,93.35,49.14,44.09,52.28,35.25,60.39,82.05,12.17,90.18,76.22,31.0,36.77,31.5,2.77,64.04,0.86,31.76,72.87,63.41,95.6,87.79,86.09,90.05,25.05,31.09,1,0
77,7.694331522780576,4.75,58.13,49.410561280412665,29.18,53.88,12.0,1.05,33.95,93.35,49.14,44.09,52.28,35.25,60.39,82.05,12.17,90.18,76.22,31.0,36.77,31.5,2.77,64.04,0.86,31.76,72.87,63.41,95.6,87.79,86.09,90.05,25.05,31.09,1,1
77,7.694331522780576,4.75,58.13,49.410561280412665,29.18,53.88,12.0,1.05,33.95,93.35,49.14,44.09,52.28,35.25,60.39,82.05,12.17,90.18,76.22,31.0,36.77,31.5,2.77,64.04,0.86,31.76,72.87,63.41,95.6,87.79,86.09,90.05,25.05,31.09,1,2
77,7.694331522780576,4.75,58.13,49.410561280412665,29.18,53.88,12.0,1.05,33.95,93.35,49.14,44.09,52.28,35.25,60.39,82.05,12.17,90.18,76.22,31.0,36.77,31.5,2.77,64.04,0.86,31.76,72.87,63.41,95.6,87.79,86.09,90.05,25.05,31.09,1,3
77,7.694331522780576,4.75,58.13,49.410561280412665,29.18,53.88,12.0,1.05,33.95,93.35,49.14,44.09,52.28,35.25,60.39,82.05,12.17,90.18,76.22,31.0,36.77,31.5,2.77,64.04,0.86,31.76,72.87,63.41,95.6,87.79,86.09,90.05,25.05,31.09,1,4
77,7.694331522780576,4.75,58.13,49.410561280412665,29.18,53.88,12.0,1.05,33.95,93.35,49.14,44.09,52.28,35.25,60.39,82.05,12.17,90.18,76.22,31.0,36.77,31.5,2.77,64.04,0.86,31.76,72.87,63.41,95.6,87.79,86.09,90.05,25.05,31.09,1,5
