group_id,jsssz,jssxbjz,jsxxbjz,csssz,cssxbjz,csxxbjz,rqjkwdsdz,rqjkwddqz,rqjkzksdz,rqjkzkdqz,bpdjjbsjsdz,bpdjjbsjdqz,bpdjjbsdsdz,bpdjjbsddqz,bpdjjbdl,bpdjfssjsdz,bpdjfssjdqz,bpdjfssdsdz,bpdjfssddqz,bpdjfsdl,dlz_01,dlz_02,dyz_01,dyz_02,temp,V_rms_x,V_rms_y,V_rms_z,A_rms_x,A_rms_y,A_rms_z,D_rms_x,D_rms_y,D_rms_z,label,time
157,82.93,10.83,63.61,33.9,10.01,66.87,62.09,80.94,71.61,176.8232369902487,28.81,74.76,91.47,5.82,70.48,11.44,46.68,69.7,18.3,69.47,54.98,80.07,83.19,73.26,32.87,17.08,23.09,22.78,27.63,29.06,95.72,22.07,74.26,54.97,2,0
157,82.93,10.83,63.61,33.9,10.01,66.87,62.09,80.94,71.61,176.8232369902487,28.81,74.76,91.47,5.82,70.48,11.44,46.68,69.7,18.3,69.47,54.98,80.07,83.19,73.26,32.87,17.08,23.09,22.78,27.63,29.06,95.72,22.07,74.26,54.97,2,1
157,82.93,10.83,63.61,33.9,10.01,66.87,62.09,80.94,71.61,176.8232369902487,28.81,74.76,91.47,5.82,70.48,11.44,46.68,69.7,18.3,69.47,54.98,80.07,83.19,73.26,32.87,17.08,23.09,22.78,27.63,29.06,95.72,22.07,74.26,54.97,2,2
157,82.93,10.83,63.61,33.9,10.01,66.87,62.09,80.94,71.61,176.8232369902487,28.81,74.76,91.47,5.82,70.48,11.44,46.68,69.7,18.3,69.47,54.98,80.07,83.19,73.26,32.87,17.08,23.09,22.78,27.63,29.06,95.72,22.07,74.26,54.97,2,3
157,82.93,10.83,63.61,33.9,10.01,66.87,62.09,80.94,71.61,176.8232369902487,28.81,74.76,91.47,5.82,70.48,11.44,46.68,69.7,18.3,69.47,54.98,80.07,83.19,73.26,32.87,17.08,23.09,22.78,27.63,29.06,95.72,22.07,74.26,54.97,2,4
157,82.93,10.83,63.61,33.9,10.01,66.87,62.09,80.94,71.61,176.8232369902487,28.81,74.76,91.47,5.82,70.48,11.44,46.68,69.7,18.3,69.47,54.98,80.07,83.19,73.26,32.87,17.08,23.09,22.78,27.63,29.06,95.72,22.07,74.26,54.97,2,5