group_id,jsssz,jssxbjz,jsxxbjz,csssz,cssxbjz,csxxbjz,rqjkwdsdz,rqjkwddqz,rqjkzksdz,rqjkzkdqz,bpdjjbsjsdz,bpdjjbsjdqz,bpdjjbsdsdz,bpdjjbsddqz,bpdjjbdl,bpdjfssjsdz,bpdjfssjdqz,bpdjfssdsdz,bpdjfssddqz,bpdjfsdl,dlz_01,dlz_02,dyz_01,dyz_02,temp,V_rms_x,V_rms_y,V_rms_z,A_rms_x,A_rms_y,A_rms_z,D_rms_x,D_rms_y,D_rms_z,label,time
261,41.94,5.02,15.26,53.38,30.77,89.95,59.83,45.24,11.73,77.02,63.04,30.34,38.53,158.84922369584666,0.89,45.19,23.39,11.94,49.0,87.98,58.85,75.18,27.56,21.07,61.95,47.39,16.79,27.18,27.19,86.36,69.36,89.0,27.83,82.56,3,0
261,41.94,5.02,15.26,53.38,30.77,89.95,59.83,45.24,11.73,77.02,63.04,30.34,38.53,158.84922369584666,0.89,45.19,23.39,11.94,49.0,87.98,58.85,75.18,27.56,21.07,61.95,47.39,16.79,27.18,27.19,86.36,69.36,89.0,27.83,82.56,3,1
261,41.94,5.02,15.26,53.38,30.77,89.95,59.83,45.24,11.73,77.02,63.04,30.34,38.53,158.84922369584666,0.89,45.19,23.39,11.94,49.0,87.98,58.85,75.18,27.56,21.07,61.95,47.39,16.79,27.18,27.19,86.36,69.36,89.0,27.83,82.56,3,2
261,41.94,5.02,15.26,53.38,30.77,89.95,59.83,45.24,11.73,77.02,63.04,30.34,38.53,158.84922369584666,0.89,45.19,23.39,11.94,49.0,87.98,58.85,75.18,27.56,21.07,61.95,47.39,16.79,27.18,27.19,86.36,69.36,89.0,27.83,82.56,3,3
261,41.94,5.02,15.26,53.38,30.77,89.95,59.83,45.24,11.73,77.02,63.04,30.34,38.53,158.84922369584666,0.89,45.19,23.39,11.94,49.0,87.98,58.85,75.18,27.56,21.07,61.95,47.39,16.79,27.18,27.19,86.36,69.36,89.0,27.83,82.56,3,4
261,41.94,5.02,15.26,53.38,30.77,89.95,59.83,45.24,11.73,77.02,63.04,30.34,38.53,158.84922369584666,0.89,45.19,23.39,11.94,49.0,87.98,58.85,75.18,27.56,21.07,61.95,47.39,16.79,27.18,27.19,86.36,69.36,89.0,27.83,82.56,3,5