group_id,jsssz,jssxbjz,jsxxbjz,csssz,cssxbjz,csxxbjz,rqjkwdsdz,rqjkwddqz,rqjkzksdz,rqjkzkdqz,bpdjjbsjsdz,bpdjjbsjdqz,bpdjjbsdsdz,bpdjjbsddqz,bpdjjbdl,bpdjfssjsdz,bpdjfssjdqz,bpdjfssdsdz,bpdjfssddqz,bpdjfsdl,dlz_01,dlz_02,dyz_01,dyz_02,temp,V_rms_x,V_rms_y,V_rms_z,A_rms_x,A_rms_y,A_rms_z,D_rms_x,D_rms_y,D_rms_z,label,time
280,51.37,88.82,90.97,62.62,53.55,48.75,17.26,58.0,96.38,95.25,55.09,64.45,36.11,9.87,87.78,83.63,86.31,33.68,75.31,86.16,21.07,303.8250285063134,16.88,342.9673702378361,71.91,5.19,69.47,88.84,25.3,75.72,64.34,7.7,33.56,98.86,4,0
280,51.37,88.82,90.97,62.62,53.55,48.75,17.26,58.0,96.38,95.25,55.09,64.45,36.11,9.87,87.78,83.63,86.31,33.68,75.31,86.16,21.07,303.8250285063134,16.88,342.9673702378361,71.91,5.19,69.47,88.84,25.3,75.72,64.34,7.7,33.56,98.86,4,1
280,51.37,88.82,90.97,62.62,53.55,48.75,17.26,58.0,96.38,95.25,55.09,64.45,36.11,9.87,87.78,83.63,86.31,33.68,75.31,86.16,21.07,303.8250285063134,16.88,342.9673702378361,71.91,5.19,69.47,88.84,25.3,75.72,64.34,7.7,33.56,98.86,4,2
280,51.37,88.82,90.97,62.62,53.55,48.75,17.26,58.0,96.38,95.25,55.09,64.45,36.11,9.87,87.78,83.63,86.31,33.68,75.31,86.16,21.07,303.8250285063134,16.88,342.9673702378361,71.91,5.19,69.47,88.84,25.3,75.72,64.34,7.7,33.56,98.86,4,3
280,51.37,88.82,90.97,62.62,53.55,48.75,17.26,58.0,96.38,95.25,55.09,64.45,36.11,9.87,87.78,83.63,86.31,33.68,75.31,86.16,21.07,303.8250285063134,16.88,342.9673702378361,71.91,5.19,69.47,88.84,25.3,75.72,64.34,7.7,33.56,98.86,4,4
280,51.37,88.82,90.97,62.62,53.55,48.75,17.26,58.0,96.38,95.25,55.09,64.45,36.11,9.87,87.78,83.63,86.31,33.68,75.31,86.16,21.07,303.8250285063134,16.88,342.9673702378361,71.91,5.19,69.47,88.84,25.3,75.72,64.34,7.7,33.56,98.86,4,5