group_id,jsssz,jssxbjz,jsxxbjz,csssz,cssxbjz,csxxbjz,rqjkwdsdz,rqjkwddqz,rqjkzksdz,rqjkzkdqz,bpdjjbsjsdz,bpdjjbsjdqz,bpdjjbsdsdz,bpdjjbsddqz,bpdjjbdl,bpdjfssjsdz,bpdjfssjdqz,bpdjfssdsdz,bpdjfssddqz,bpdjfsdl,dlz_01,dlz_02,dyz_01,dyz_02,temp,V_rms_x,V_rms_y,V_rms_z,A_rms_x,A_rms_y,A_rms_z,D_rms_x,D_rms_y,D_rms_z,label,time
405,69.0,13.14,10.73,92.43,11.04,86.22,38.27,5.87,62.43,30.37,71.71,8.16,81.87,91.04,88.99,7.02,35.58,58.99,65.99,19.96,39.09,21.76,46.53,63.92,80.1,259.1281789719858,259.79836229376866,324.06040236695463,323.35909911289457,261.76517362961454,333.0276175513471,230.08082331752863,319.3689746908279,281.4338952188662,5,0
405,69.0,13.14,10.73,92.43,11.04,86.22,38.27,5.87,62.43,30.37,71.71,8.16,81.87,91.04,88.99,7.02,35.58,58.99,65.99,19.96,39.09,21.76,46.53,63.92,80.1,259.1281789719858,259.79836229376866,324.06040236695463,323.35909911289457,261.76517362961454,333.0276175513471,230.08082331752863,319.3689746908279,281.4338952188662,5,1
405,69.0,13.14,10.73,92.43,11.04,86.22,38.27,5.87,62.43,30.37,71.71,8.16,81.87,91.04,88.99,7.02,35.58,58.99,65.99,19.96,39.09,21.76,46.53,63.92,80.1,259.1281789719858,259.79836229376866,324.06040236695463,323.35909911289457,261.76517362961454,333.0276175513471,230.08082331752863,319.3689746908279,281.4338952188662,5,2
405,69.0,13.14,10.73,92.43,11.04,86.22,38.27,5.87,62.43,30.37,71.71,8.16,81.87,91.04,88.99,7.02,35.58,58.99,65.99,19.96,39.09,21.76,46.53,63.92,80.1,259.1281789719858,259.79836229376866,324.06040236695463,323.35909911289457,261.76517362961454,333.0276175513471,230.08082331752863,319.3689746908279,281.4338952188662,5,3
405,69.0,13.14,10.73,92.43,11.04,86.22,38.27,5.87,62.43,30.37,71.71,8.16,81.87,91.04,88.99,7.02,35.58,58.99,65.99,19.96,39.09,21.76,46.53,63.92,80.1,259.1281789719858,259.79836229376866,324.06040236695463,323.35909911289457,261.76517362961454,333.0276175513471,230.08082331752863,319.3689746908279,281.4338952188662,5,4
405,69.0,13.14,10.73,92.43,11.04,86.22,38.27,5.87,62.43,30.37,71.71,8.16,81.87,91.04,88.99,7.02,35.58,58.99,65.99,19.96,39.09,21.76,46.53,63.92,80.1,259.1281789719858,259.79836229376866,324.06040236695463,323.35909911289457,261.76517362961454,333.0276175513471,230.08082331752863,319.3689746908279,281.4338952188662,5,5
