id,ts,data_uid,YXSD,FJZLZ,QYZLZ,SJZLZ,BSZ,XSD,flag
,,,127.8946224233715,15.686542605785114,6.37066756707097,6.68641574112613,98.27699573919367,6.573411472457218,2